/index.html /
/great-videos/index.{html} /great-videos/
/inside-ali-abdaal-second-brain/index.{html} /inside-ali-abdaal-second-brain/
/tags-system/index.{html} /tags-system/
/test-notes/index.{html} /test-notes/
/_areas/index.{html} /_areas/
/_authors/index.{html} /_authors/
